year,franchise_name,current_name,era,regular_season_wins,regular_season_losses,world_series_result,notes
1876,Chicago White Stockings,Chicago Cubs,Pre-Division,52,14,N/A,First NL champion; 11.5 games ahead of Hartford Dark Blues
1877,Boston Red Stockings,Atlanta Braves,Pre-Division,N/A,N/A,N/A,Boston Red Caps
1878,Boston Red Stockings,Atlanta Braves,Pre-Division,N/A,N/A,N/A,Boston Red Caps
1879,Providence Grays,Defunct,Pre-Division,N/A,N/A,N/A,
1880,Chicago White Stockings,Chicago Cubs,Pre-Division,N/A,N/A,N/A,
1881,Chicago White Stockings,Chicago Cubs,Pre-Division,N/A,N/A,N/A,
1882,Chicago White Stockings,Chicago Cubs,Pre-Division,N/A,N/A,N/A,
1883,Boston Beaneaters,Atlanta Braves,Pre-Division,N/A,N/A,N/A,
1884,Providence Grays,Defunct,Pre-Division,N/A,N/A,N/A,
1885,Chicago White Stockings,Chicago Cubs,Pre-Division,N/A,N/A,N/A,
1886,Chicago White Stockings,Chicago Cubs,Pre-Division,N/A,N/A,N/A,
1887,Detroit Wolverines,Defunct,Pre-Division,N/A,N/A,N/A,
1888,New York Giants,San Francisco Giants,Pre-Division,N/A,N/A,N/A,
1889,New York Giants,San Francisco Giants,Pre-Division,N/A,N/A,N/A,
1890,Brooklyn Bridegrooms,LA Dodgers,Pre-Division,N/A,N/A,N/A,
1891,Boston Beaneaters,Atlanta Braves,Pre-Division,N/A,N/A,N/A,
1892,Boston Beaneaters,Atlanta Braves,Pre-Division,N/A,N/A,N/A,
1893,Boston Beaneaters,Atlanta Braves,Pre-Division,N/A,N/A,N/A,
1894,Baltimore Orioles,Defunct,Pre-Division,N/A,N/A,N/A,
1895,Baltimore Orioles,Defunct,Pre-Division,N/A,N/A,N/A,
1896,Baltimore Orioles,Defunct,Pre-Division,N/A,N/A,N/A,
1897,Boston Beaneaters,Atlanta Braves,Pre-Division,N/A,N/A,N/A,
1898,Boston Beaneaters,Atlanta Braves,Pre-Division,N/A,N/A,N/A,
1899,Brooklyn Superbas,LA Dodgers,Pre-Division,N/A,N/A,N/A,
1900,Brooklyn Superbas,LA Dodgers,Pre-Division,N/A,N/A,N/A,
1901,Pittsburgh Pirates,Pittsburgh Pirates,Pre-Division,N/A,N/A,Lost WS to Boston Americans,
1902,Pittsburgh Pirates,Pittsburgh Pirates,Pre-Division,N/A,N/A,Lost WS to Philadelphia Athletics,
1903,Pittsburgh Pirates,Pittsburgh Pirates,Pre-Division,91,56,Lost WS 4-3 to Boston Americans,First modern World Series
1904,New York Giants,San Francisco Giants,Pre-Division,N/A,N/A,N/A,No World Series (New York Giants refused to play)
1905,New York Giants,San Francisco Giants,Pre-Division,105,48,Won WS 4-1 vs Philadelphia Athletics,
1906,Chicago Cubs,Chicago Cubs,Pre-Division,116,36,Lost WS 4-2 to Chicago White Sox,Record 116 wins (NL); .763 win%
1907,Chicago Cubs,Chicago Cubs,Pre-Division,107,45,Won WS 4-0 vs Detroit Tigers,
1908,Chicago Cubs,Chicago Cubs,Pre-Division,99,55,Won WS 4-1 vs Detroit Tigers,Started 108-year championship drought
1909,Pittsburgh Pirates,Pittsburgh Pirates,Pre-Division,110,42,Won WS 4-3 vs Detroit Tigers,
1910,Chicago Cubs,Chicago Cubs,Pre-Division,104,50,Lost WS 4-1 to Philadelphia Athletics,
1911,New York Giants,San Francisco Giants,Pre-Division,103,50,Lost WS 4-2 to Philadelphia Athletics,
1912,New York Giants,San Francisco Giants,Pre-Division,103,48,Won WS 4-3 vs Boston Red Sox,
1913,New York Giants,San Francisco Giants,Pre-Division,101,48,Lost WS 4-1 to Philadelphia Athletics,
1914,Boston Braves,Atlanta Braves,Pre-Division,94,59,Lost WS 4-0 to Philadelphia Athletics,Sweep
1915,Philadelphia Phillies,Philadelphia Phillies,Pre-Division,90,62,Lost WS 4-1 to Boston Red Sox,
1916,Brooklyn Robins,LA Dodgers,Pre-Division,94,60,Lost WS 4-1 to Boston Red Sox,
1917,New York Giants,San Francisco Giants,Pre-Division,98,56,Lost WS 4-2 to Chicago White Sox,
1918,Chicago Cubs,Chicago Cubs,Pre-Division,84,45,Lost WS 4-1 to Boston Red Sox,
1919,Cincinnati Reds,Cincinnati Reds,Pre-Division,96,44,Won WS 5-3 vs Chicago White Sox,Black Sox Scandal aftermath
1920,Brooklyn Robins,LA Dodgers,Pre-Division,93,61,Lost WS 5-2 to Cleveland Indians,
1921,New York Giants,San Francisco Giants,Pre-Division,94,59,Won WS 5-3 vs New York Yankees,First of 4 straight pennants
1922,New York Giants,San Francisco Giants,Pre-Division,93,61,Won WS 4-0 vs New York Yankees,
1923,New York Giants,San Francisco Giants,Pre-Division,95,58,Won WS 4-2 vs New York Yankees,
1924,New York Giants,San Francisco Giants,Pre-Division,93,60,Lost WS 4-3 to Washington Senators,
1925,Pittsburgh Pirates,Pittsburgh Pirates,Pre-Division,95,58,Won WS 4-3 vs Washington Senators,
1926,St. Louis Cardinals,St. Louis Cardinals,Pre-Division,89,65,Won WS 4-3 vs New York Yankees,
1927,Pittsburgh Pirates,Pittsburgh Pirates,Pre-Division,94,60,Lost WS 4-0 to New York Yankees,Yankees Murderers' Row
1928,St. Louis Cardinals,St. Louis Cardinals,Pre-Division,95,59,Lost WS 4-0 to New York Yankees,
1929,Chicago Cubs,Chicago Cubs,Pre-Division,98,54,Lost WS 4-1 to Philadelphia Athletics,
1930,St. Louis Cardinals,St. Louis Cardinals,Pre-Division,92,62,Lost WS 4-2 to Philadelphia Athletics,
1931,St. Louis Cardinals,St. Louis Cardinals,Pre-Division,101,53,Won WS 4-3 vs Philadelphia Athletics,
1932,Chicago Cubs,Chicago Cubs,Pre-Division,90,64,Lost WS 4-0 to New York Yankees,
1933,New York Giants,San Francisco Giants,Pre-Division,91,61,Won WS 4-1 vs Washington Senators,
1934,St. Louis Cardinals,St. Louis Cardinals,Pre-Division,95,58,Won WS 4-3 vs Detroit Tigers,Gashouse Gang
1935,Chicago Cubs,Chicago Cubs,Pre-Division,100,54,Lost WS 4-2 to Detroit Tigers,
1936,New York Giants,San Francisco Giants,Pre-Division,92,64,Lost WS 4-2 to New York Yankees,
1937,New York Giants,San Francisco Giants,Pre-Division,95,57,Won WS 4-1 vs New York Yankees,
1938,Chicago Cubs,Chicago Cubs,Pre-Division,89,63,Lost WS 4-0 to New York Yankees,
1939,Cincinnati Reds,Cincinnati Reds,Pre-Division,97,57,Lost WS 4-0 to New York Yankees,
1940,Cincinnati Reds,Cincinnati Reds,Pre-Division,100,53,Won WS 4-3 vs Detroit Tigers,
1941,Brooklyn Dodgers,LA Dodgers,Pre-Division,100,54,Lost WS 4-1 to New York Yankees,
1942,St. Louis Cardinals,St. Louis Cardinals,Pre-Division,106,48,Won WS 4-1 vs New York Yankees,
1943,St. Louis Cardinals,St. Louis Cardinals,Pre-Division,105,49,Lost WS 4-1 to New York Yankees,
1944,St. Louis Cardinals,St. Louis Cardinals,Pre-Division,105,49,Won WS 4-2 to St. Louis Browns,Only all-St. Louis World Series
1945,Chicago Cubs,Chicago Cubs,Pre-Division,98,56,Lost WS 4-3 to Detroit Tigers,
1946,St. Louis Cardinals,St. Louis Cardinals,Pre-Division,98,58,Won WS 4-3 vs Boston Red Sox,
1947,Brooklyn Dodgers,LA Dodgers,Pre-Division,94,60,Lost WS 4-3 to New York Yankees,Billy Cox error
1948,Boston Braves,Atlanta Braves,Pre-Division,93,59,Lost WS 4-2 to Cleveland Indians,
1949,Brooklyn Dodgers,LA Dodgers,Pre-Division,97,57,Lost WS 4-1 to New York Yankees,Start of Dodgers-Yankees rivalry
1950,Philadelphia Phillies,Philadelphia Phillies,Pre-Division,91,63,Lost WS 4-2 to New York Yankees,Whiz Kids
1951,New York Giants,San Francisco Giants,Pre-Division,98,59,Lost WS 4-2 to New York Yankees,Bobby Thomson Shot Heard 'Round the World
1952,Brooklyn Dodgers,LA Dodgers,Pre-Division,96,57,Lost WS 4-3 to New York Yankees,
1953,Brooklyn Dodgers,LA Dodgers,Pre-Division,105,49,Lost WS 4-2 to New York Yankees,
1954,New York Giants,San Francisco Giants,Pre-Division,97,58,Lost WS 4-0 to Cleveland Indians,Willie Mays' catch
1955,Brooklyn Dodgers,LA Dodgers,Pre-Division,98,55,Won WS 4-3 vs New York Yankees,First and only Brooklyn WS title
1956,Brooklyn Dodgers,LA Dodgers,Pre-Division,93,61,Lost WS 4-3 to New York Yankees,Don Larsen perfect game (Game 5)
1957,Milwaukee Braves,Atlanta Braves,Pre-Division,95,59,Won WS 4-3 vs New York Yankees,Hank Aaron MVP
1958,Milwaukee Braves,Atlanta Braves,Pre-Division,92,62,Lost WS 4-3 to New York Yankees,
1959,Los Angeles Dodgers,LA Dodgers,Pre-Division,89,65,Won WS 4-2 vs Chicago White Sox,Sacred Cow
1960,Pittsburgh Pirates,Pittsburgh Pirates,Pre-Division,95,59,Won WS 4-3 vs New York Yankees,Bill Mazeroski walk-off HR
1961,Cincinnati Reds,Cincinnati Reds,Pre-Division,93,61,Lost WS 4-1 to New York Yankees,Marilyn Monroe moment
1962,San Francisco Giants,San Francisco Giants,Pre-Division,103-62,Lost WS 4-3 to New York Yankees,Marvin Miller era; Willie Mays
1963,Los Angeles Dodgers,LA Dodgers,Pre-Division,99-63,Won WS 4-0 vs New York Yankees,Sweep; Don Drysdale
1964,St. Louis Cardinals,St. Louis Cardinals,Pre-Division,93-69,Lost WS 4-3 to New York Yankees,
1965,Los Angeles Dodgers,LA Dodgers,Pre-Division,97-65,Won WS 4-3 vs Minnesota Twins,Sandy Koufax final season
1966,Los Angeles Dodgers,LA Dodgers,Pre-Division,95-67,Lost WS 4-3 to Baltimore Orioles,Baltimore sweeps
1967,St. Louis Cardinals,St. Louis Cardinals,Pre-Division,101-58,Lost WS 4-3 to Boston Red Sox,Bob Gibson era
1968,St. Louis Cardinals,St. Louis Cardinals,Pre-Division,97-65,Lost WS 4-1 to Detroit Tigers,Year of the Pitcher; Gibson 1.12 ERA
